origins,destinations,path_index,free_flow_time
0,0,0,1.9640028797696185
0,0,1,1.9640028797696185
0,0,2,1.9640028797696185
1,0,0,1.6366690664746821
1,0,1,1.6366690664746821
1,0,2,2.291336693064555
0,1,0,1.6366690664746821
0,1,1,1.6366690664746821
0,1,2,2.291336693064555
1,1,0,1.9640028797696185
1,1,1,1.9640028797696185
1,1,2,1.9640028797696185
